timestamp,temperature,humidity,pm25,co2,light,noise,status
2026-01-01 00:00:00,30.24,81.19,26.9,359.22,320.48,51.61,Good
2026-01-01 00:10:00,28.65,77.4,33.27,463.96,445.32,51.37,Good
2026-01-01 00:20:00,30.62,70.48,25.49,508.64,452.7,40.63,Good
2026-01-01 00:30:00,32.81,64.82,31.3,738.77,520.89,52.36,Good
2026-01-01 00:40:00,28.41,75.59,12.28,605.66,244.97,60.86,Good
2026-01-01 00:50:00,28.41,73.15,37.56,416.45,538.89,44.81,Good
2026-01-01 01:00:00,32.95,77.16,35.01,598.6,50.0,63.39,Good
2026-01-01 01:10:00,30.92,75.08,25.19,395.27,355.52,58.9,Good
2026-01-01 01:20:00,27.83,78.4,42.91,658.27,376.76,49.13,Good
2026-01-01 01:30:00,30.36,65.72,46.25,502.89,545.0,53.87,Good
2026-01-01 01:40:00,27.84,80.54,15.71,540.64,453.39,67.79,Moderate
2026-01-01 01:50:00,27.84,71.58,25.85,682.58,239.17,60.87,Good
2026-01-01 02:00:00,29.6,86.6,25.77,421.28,302.25,55.07,Good
2026-01-01 02:10:00,24.22,64.49,23.72,410.29,479.8,53.1,Good
2026-01-01 02:20:00,24.69,83.89,44.95,491.64,438.14,55.61,Good
2026-01-01 02:30:00,27.59,71.58,32.67,653.84,363.13,50.91,Good
2026-01-01 02:40:00,26.47,64.79,31.83,398.07,377.87,38.16,Good
2026-01-01 02:50:00,29.79,66.13,10.95,350.0,554.43,71.34,Moderate
2026-01-01 03:00:00,26.73,67.44,42.63,504.88,372.35,56.24,Good
2026-01-01 03:10:00,25.47,73.39,20.13,605.17,436.79,58.19,Good
2026-01-01 03:20:00,32.66,74.18,35.72,670.03,775.49,54.54,Good
2026-01-01 03:30:00,28.44,65.41,38.33,503.68,236.45,49.12,Good
2026-01-01 03:40:00,29.17,69.81,51.33,508.86,172.22,53.51,Moderate
2026-01-01 03:50:00,25.44,87.14,19.29,665.39,567.54,42.2,Good
2026-01-01 04:00:00,27.64,83.82,5.0,363.03,348.2,73.22,Moderate
2026-01-01 04:10:00,29.28,73.49,37.21,511.15,402.26,45.12,Good
2026-01-01 04:20:00,26.12,70.3,56.61,569.04,332.83,46.74,Moderate
2026-01-01 04:30:00,29.94,70.96,49.87,594.92,411.03,51.48,Good
2026-01-01 04:40:00,27.5,74.91,37.52,499.02,689.78,65.3,Moderate
2026-01-01 04:50:00,41.2,79.59,130.98,1162.47,570.32,78.06,Poor
2026-01-01 05:00:00,27.5,67.94,44.69,350.0,579.33,45.11,Good
2026-01-01 05:10:00,33.63,56.65,23.32,484.18,237.57,65.03,Moderate
2026-01-01 05:20:00,28.97,73.19,40.72,595.35,277.33,60.85,Good
2026-01-01 05:30:00,26.36,75.18,41.07,451.77,50.0,59.31,Good
2026-01-01 05:40:00,31.06,66.13,47.72,555.9,328.59,60.73,Good
2026-01-01 05:50:00,25.95,82.59,68.12,594.69,593.51,74.15,Moderate
2026-01-01 06:00:00,29.52,60.19,39.71,515.75,527.54,72.48,Moderate
2026-01-01 06:10:00,24.1,58.29,28.89,567.05,416.77,49.51,Good
2026-01-01 06:20:00,25.68,71.8,34.69,453.73,446.65,67.99,Moderate
2026-01-01 06:30:00,29.49,78.38,13.77,529.34,346.67,58.07,Good
2026-01-01 06:40:00,30.85,83.47,26.66,611.02,480.71,58.99,Good
2026-01-01 06:50:00,29.43,66.33,30.09,565.7,564.88,41.46,Good
2026-01-01 07:00:00,39.06,96.54,132.37,898.56,207.62,82.97,Poor
2026-01-01 07:10:00,28.25,69.69,36.83,572.42,494.95,48.5,Good
2026-01-01 07:20:00,34.18,93.31,88.31,1380.91,589.87,78.54,Poor
2026-01-01 07:30:00,41.36,92.71,143.71,860.03,387.73,83.6,Poor
2026-01-01 07:40:00,27.85,75.22,35.0,665.91,555.11,38.4,Good
2026-01-01 07:50:00,31.64,57.39,34.89,516.37,872.2,54.82,Good
2026-01-01 08:00:00,29.86,81.81,31.07,592.55,434.35,63.97,Good
2026-01-01 08:10:00,24.59,81.04,36.86,669.72,509.0,53.51,Good
2026-01-01 08:20:00,29.81,65.0,44.9,412.83,339.29,60.83,Good
2026-01-01 08:30:00,28.04,73.17,24.59,479.06,477.19,57.81,Good
2026-01-01 08:40:00,27.31,73.95,27.1,521.15,519.04,57.73,Good
2026-01-01 08:50:00,30.53,72.09,31.36,471.62,479.23,52.83,Good
2026-01-01 09:00:00,31.58,65.6,18.85,723.49,297.05,45.27,Good
2026-01-01 09:10:00,31.33,64.63,25.17,464.32,480.95,46.03,Good
2026-01-01 09:20:00,26.9,69.8,29.29,494.45,669.33,60.67,Good
2026-01-01 09:30:00,28.23,79.38,45.49,570.44,517.3,55.16,Good
2026-01-01 09:40:00,29.83,74.35,38.15,429.79,594.3,53.89,Good
2026-01-01 09:50:00,31.44,67.04,37.32,510.43,414.45,51.61,Good
2026-01-01 10:00:00,27.8,76.17,45.21,581.75,562.49,52.56,Good
2026-01-01 10:10:00,28.54,47.21,33.35,516.71,491.89,63.38,Good
2026-01-01 10:20:00,26.23,79.19,39.69,540.66,307.36,52.32,Good
2026-01-01 10:30:00,26.01,56.08,33.76,497.07,497.78,44.27,Good
2026-01-01 10:40:00,31.03,67.1,38.18,398.55,301.25,60.95,Good
2026-01-01 10:50:00,32.39,61.04,28.01,582.16,355.07,53.36,Good
2026-01-01 11:00:00,28.82,59.64,5.73,725.49,478.4,55.25,Good
2026-01-01 11:10:00,31.51,79.29,33.39,551.84,494.59,67.86,Moderate
2026-01-01 11:20:00,29.9,66.26,52.07,572.53,271.62,54.84,Moderate
2026-01-01 11:30:00,27.39,72.77,46.11,619.27,608.1,57.31,Good
2026-01-01 11:40:00,29.9,69.62,46.58,423.07,535.8,45.57,Good
2026-01-01 11:50:00,32.85,73.82,49.83,720.25,344.29,53.24,Good
2026-01-01 12:00:00,28.91,70.61,36.06,570.23,219.36,59.88,Good
2026-01-01 12:10:00,32.91,59.74,37.37,713.19,428.26,42.56,Good
2026-01-01 12:20:00,22.45,77.97,27.59,476.7,383.11,56.61,Good
2026-01-01 12:30:00,31.05,66.05,31.21,731.81,466.97,55.81,Good
2026-01-01 12:40:00,29.22,57.55,42.39,627.52,395.53,55.33,Good
2026-01-01 12:50:00,28.25,66.58,49.45,605.3,148.88,63.3,Good
2026-01-01 13:00:00,29.23,82.01,33.33,573.4,391.75,57.68,Good
2026-01-01 13:10:00,24.03,76.8,29.6,525.15,404.16,66.82,Moderate
2026-01-01 13:20:00,28.45,67.21,35.01,670.05,545.05,47.05,Good
2026-01-01 13:30:00,29.89,67.21,42.21,564.04,345.27,56.09,Good
2026-01-01 13:40:00,32.69,67.43,17.67,353.29,701.8,55.68,Good
2026-01-01 13:50:00,27.7,86.61,7.45,438.28,163.25,46.45,Good
2026-01-01 14:00:00,26.98,73.06,28.39,531.42,646.68,62.65,Good
2026-01-01 14:10:00,27.75,73.44,20.35,581.0,416.35,73.6,Moderate
2026-01-01 14:20:00,31.29,78.24,28.9,544.34,578.94,54.86,Good
2026-01-01 14:30:00,29.82,71.91,33.23,671.9,461.97,59.04,Good
2026-01-01 14:40:00,27.68,67.93,29.56,354.89,620.93,55.68,Good
2026-01-01 14:50:00,30.28,68.43,52.43,564.36,391.9,49.29,Moderate
2026-01-01 15:00:00,29.24,69.43,38.92,368.2,285.21,40.43,Good
2026-01-01 15:10:00,31.42,69.7,38.61,625.97,663.08,49.35,Good
2026-01-01 15:20:00,27.24,75.82,42.47,540.55,432.98,43.86,Good
2026-01-01 15:30:00,28.18,70.42,21.33,591.96,483.23,68.63,Moderate
2026-01-01 15:40:00,28.02,75.86,47.47,463.61,635.21,54.08,Good
2026-01-01 15:50:00,25.34,69.35,34.09,677.95,295.21,52.23,Good
2026-01-01 16:00:00,29.74,70.63,43.05,654.17,539.32,62.11,Good
2026-01-01 16:10:00,38.07,73.5,126.89,1393.98,361.52,66.37,Poor
2026-01-01 16:20:00,29.01,77.33,16.35,537.05,430.17,48.87,Good
2026-01-01 16:30:00,28.41,72.77,44.81,607.99,460.84,55.54,Good
2026-01-01 16:40:00,25.46,77.98,39.52,479.31,224.97,63.23,Good
2026-01-01 16:50:00,39.91,70.13,114.01,1162.16,333.17,82.67,Poor
2026-01-01 17:00:00,28.14,86.71,24.56,714.95,652.66,56.99,Good
2026-01-01 17:10:00,26.99,68.88,48.51,657.06,582.93,55.62,Good
2026-01-01 17:20:00,28.6,78.87,20.73,477.04,440.6,58.2,Good
2026-01-01 17:30:00,30.01,61.68,54.71,586.14,486.47,56.61,Moderate
2026-01-01 17:40:00,33.72,74.9,24.19,420.69,405.86,46.76,Moderate
2026-01-01 17:50:00,42.74,81.28,106.65,1344.59,653.49,75.77,Poor
2026-01-01 18:00:00,29.64,65.01,31.06,595.06,419.95,46.41,Good
2026-01-01 18:10:00,28.81,85.31,42.24,363.02,484.78,55.65,Good
2026-01-01 18:20:00,24.2,68.47,28.47,433.82,621.9,51.15,Good
2026-01-01 18:30:00,28.93,71.74,33.05,521.69,333.39,75.32,Moderate
2026-01-01 18:40:00,29.15,76.96,35.49,519.91,683.82,54.68,Good
2026-01-01 18:50:00,35.16,73.97,22.97,429.05,220.43,43.77,Moderate
2026-01-01 19:00:00,28.52,71.2,43.89,588.9,694.45,53.93,Good
2026-01-01 19:10:00,41.86,96.25,138.79,1339.9,394.1,84.52,Poor
2026-01-01 19:20:00,28.91,89.23,32.26,530.57,413.6,68.39,Moderate
2026-01-01 19:30:00,26.08,69.54,23.07,474.42,166.5,50.28,Good
2026-01-01 19:40:00,31.86,71.61,5.0,654.87,381.78,42.34,Good
2026-01-01 19:50:00,30.88,78.41,32.71,715.54,294.03,61.53,Good
2026-01-01 20:00:00,30.98,78.84,63.95,501.64,358.85,43.96,Moderate
2026-01-01 20:10:00,26.73,79.5,44.42,488.78,429.4,51.51,Good
2026-01-01 20:20:00,32.51,75.11,34.77,599.12,593.67,52.94,Good
2026-01-01 20:30:00,25.5,60.86,31.85,514.2,481.14,54.44,Good
2026-01-01 20:40:00,30.47,83.07,35.27,536.06,496.15,60.51,Good
2026-01-01 20:50:00,34.48,60.83,41.57,623.97,285.67,49.53,Moderate
2026-01-01 21:00:00,26.52,72.42,20.83,359.06,317.89,52.81,Good
2026-01-01 21:10:00,27.58,63.97,48.37,681.83,719.81,54.89,Good
2026-01-01 21:20:00,29.25,69.49,43.58,557.27,339.72,56.2,Good
2026-01-01 21:30:00,27.74,72.63,43.62,508.85,698.43,55.78,Good
2026-01-01 21:40:00,25.12,72.57,40.26,541.08,413.54,58.49,Good
2026-01-01 21:50:00,29.17,73.38,35.24,546.24,450.34,61.75,Good
2026-01-01 22:00:00,26.34,82.91,43.07,376.88,610.55,58.14,Good
2026-01-01 22:10:00,30.18,73.63,42.1,699.49,640.78,58.63,Good
2026-01-01 22:20:00,26.7,68.05,30.75,554.13,433.38,42.34,Good
2026-01-01 22:30:00,32.87,77.71,28.12,594.3,391.76,55.4,Good
2026-01-01 22:40:00,27.04,79.52,36.22,645.15,441.61,58.84,Good
2026-01-01 22:50:00,28.19,60.18,53.59,447.88,500.69,60.83,Moderate
2026-01-01 23:00:00,31.03,74.78,20.13,597.35,583.7,49.46,Good
2026-01-01 23:10:00,25.92,75.61,17.39,523.24,450.63,49.73,Good
2026-01-01 23:20:00,29.57,67.62,36.98,634.68,542.83,50.41,Good
2026-01-01 23:30:00,32.27,81.01,35.61,350.0,695.75,59.29,Good
2026-01-01 23:40:00,24.98,68.8,37.08,540.09,507.2,63.27,Good
2026-01-01 23:50:00,29.46,71.0,37.93,489.72,496.75,51.74,Good
2026-01-02 00:00:00,29.65,68.62,32.32,593.23,222.16,62.26,Good
2026-01-02 00:10:00,30.95,70.12,52.88,597.0,55.39,55.99,Moderate
2026-01-02 00:20:00,25.91,61.23,15.79,479.24,508.26,54.01,Good
2026-01-02 00:30:00,25.7,58.48,25.06,478.78,435.78,53.31,Good
2026-01-02 00:40:00,30.3,82.76,33.76,538.93,372.78,60.97,Good
2026-01-02 00:50:00,29.74,63.22,15.28,460.34,486.53,57.6,Good
2026-01-02 01:00:00,29.63,62.07,32.89,634.2,440.94,73.21,Moderate
2026-01-02 01:10:00,29.87,52.77,54.94,513.08,619.17,48.18,Moderate
2026-01-02 01:20:00,27.3,64.89,35.25,350.0,462.92,59.14,Good
2026-01-02 01:30:00,29.58,59.42,37.77,512.52,337.96,50.77,Good
2026-01-02 01:40:00,29.73,83.14,19.88,446.15,598.52,48.05,Good
2026-01-02 01:50:00,27.21,78.08,27.6,386.87,417.43,54.91,Good
2026-01-02 02:00:00,33.66,64.49,30.5,426.26,528.98,56.1,Moderate
2026-01-02 02:10:00,30.18,88.02,31.19,560.94,378.39,78.35,Moderate
2026-01-02 02:20:00,35.26,96.09,153.14,1278.87,352.53,69.95,Poor
2026-01-02 02:30:00,30.64,67.4,41.69,581.32,462.63,45.96,Good
2026-01-02 02:40:00,26.56,50.0,21.66,489.35,451.92,57.18,Good
2026-01-02 02:50:00,30.97,88.33,37.96,595.59,521.97,38.4,Good
2026-01-02 03:00:00,31.9,58.88,40.98,504.09,409.7,54.26,Good
2026-01-02 03:10:00,26.95,56.84,48.68,480.54,174.55,55.13,Good
2026-01-02 03:20:00,31.41,78.18,53.97,434.56,385.08,61.36,Moderate
2026-01-02 03:30:00,30.03,89.52,22.82,374.82,569.07,62.79,Good
2026-01-02 03:40:00,31.06,81.07,25.27,511.01,405.39,50.97,Good
2026-01-02 03:50:00,33.74,74.51,19.91,565.81,413.04,53.8,Moderate
2026-01-02 04:00:00,28.39,74.76,32.19,540.34,597.96,48.87,Good
2026-01-02 04:10:00,27.12,76.83,40.6,508.4,343.2,45.98,Good
2026-01-02 04:20:00,26.78,76.07,46.85,455.43,218.58,57.48,Good
2026-01-02 04:30:00,26.96,72.25,34.09,610.82,425.91,44.81,Good
2026-01-02 04:40:00,28.81,70.83,31.16,418.29,377.37,51.68,Good
2026-01-02 04:50:00,29.85,69.5,36.82,627.6,305.06,47.04,Good
2026-01-02 05:00:00,29.69,63.97,24.98,449.78,423.69,59.4,Good
2026-01-02 05:10:00,31.07,67.75,60.07,474.76,523.73,69.41,Moderate
2026-01-02 05:20:00,42.01,76.84,100.85,1166.45,448.61,61.2,Poor
2026-01-02 05:30:00,32.63,69.21,37.22,499.86,496.05,40.18,Good
2026-01-02 05:40:00,28.34,62.09,59.28,647.53,722.01,54.0,Moderate
2026-01-02 05:50:00,35.8,61.17,35.08,601.56,398.57,55.13,Moderate
2026-01-02 06:00:00,30.56,71.44,32.72,647.84,491.75,56.75,Good
2026-01-02 06:10:00,26.86,81.14,30.71,602.21,373.62,51.43,Good
2026-01-02 06:20:00,26.32,77.35,32.84,439.63,323.05,53.39,Good
2026-01-02 06:30:00,30.21,57.44,51.47,516.92,362.26,57.94,Moderate
2026-01-02 06:40:00,28.44,62.08,8.46,471.98,378.19,63.32,Good
2026-01-02 06:50:00,30.79,77.53,53.4,683.06,503.92,39.36,Moderate
2026-01-02 07:00:00,30.18,62.14,17.91,430.32,802.36,52.05,Good
2026-01-02 07:10:00,28.82,68.2,31.8,639.37,342.59,56.71,Good
2026-01-02 07:20:00,26.88,74.4,29.85,639.3,387.51,47.66,Good
2026-01-02 07:30:00,25.21,62.25,42.06,732.96,440.53,68.85,Moderate
2026-01-02 07:40:00,27.88,70.84,15.82,509.03,509.37,49.92,Good
2026-01-02 07:50:00,31.14,59.33,40.55,621.23,489.53,54.67,Good
2026-01-02 08:00:00,29.54,65.19,59.29,778.17,642.61,59.45,Moderate
2026-01-02 08:10:00,25.89,72.56,18.64,488.24,86.04,50.27,Good
2026-01-02 08:20:00,29.43,57.26,37.28,396.5,91.96,40.23,Good
2026-01-02 08:30:00,29.96,73.52,27.06,362.0,375.62,51.57,Good
2026-01-02 08:40:00,26.79,69.84,40.11,621.27,614.6,63.24,Good
2026-01-02 08:50:00,29.38,74.42,35.23,361.68,215.15,52.3,Good
2026-01-02 09:00:00,29.15,71.79,27.3,512.77,50.0,48.23,Good
2026-01-02 09:10:00,26.14,80.91,40.85,593.73,535.68,62.41,Good
2026-01-02 09:20:00,29.89,71.0,56.65,568.52,486.55,52.35,Moderate
2026-01-02 09:30:00,30.4,66.56,32.71,592.54,286.47,50.92,Good
2026-01-02 09:40:00,31.71,70.98,43.64,572.23,302.17,56.2,Good
2026-01-02 09:50:00,31.63,74.35,19.48,677.89,304.54,61.17,Good
2026-01-02 10:00:00,25.56,70.39,23.52,454.77,466.58,74.05,Moderate
2026-01-02 10:10:00,26.66,70.32,40.67,482.3,356.05,61.62,Good
2026-01-02 10:20:00,30.29,64.38,52.81,472.73,524.11,64.28,Moderate
2026-01-02 10:30:00,30.28,64.7,39.27,633.02,50.0,50.95,Good
2026-01-02 10:40:00,30.29,58.78,31.24,640.04,321.47,46.79,Good
2026-01-02 10:50:00,38.63,84.0,34.99,595.12,281.09,55.5,Poor
2026-01-02 11:00:00,30.43,60.05,20.0,668.35,411.55,55.86,Good
2026-01-02 11:10:00,31.84,64.46,42.25,432.2,369.29,46.37,Good
2026-01-02 11:20:00,31.39,64.25,45.59,716.72,569.68,53.6,Good
2026-01-02 11:30:00,30.63,77.16,29.57,702.32,171.1,58.19,Good
2026-01-02 11:40:00,28.21,67.64,29.36,623.56,456.82,57.88,Good
2026-01-02 11:50:00,30.9,79.98,38.19,728.18,533.75,59.03,Good
2026-01-02 12:00:00,27.07,64.61,29.76,384.34,728.5,57.33,Good
2026-01-02 12:10:00,28.41,72.23,34.21,497.56,377.74,50.94,Good
2026-01-02 12:20:00,27.79,63.32,60.2,476.47,498.67,50.89,Moderate
2026-01-02 12:30:00,29.2,87.16,32.04,622.15,179.42,45.41,Good
2026-01-02 12:40:00,34.79,60.5,30.7,444.99,91.21,69.28,Moderate
2026-01-02 12:50:00,24.33,72.48,27.23,625.75,576.72,55.11,Good
2026-01-02 13:00:00,30.72,75.07,43.93,687.05,449.17,53.2,Good
2026-01-02 13:10:00,24.97,73.31,32.83,619.52,626.78,47.57,Good
2026-01-02 13:20:00,27.82,68.52,27.21,578.38,243.99,78.49,Moderate
2026-01-02 13:30:00,31.72,68.96,50.86,451.21,527.99,46.41,Moderate
2026-01-02 13:40:00,43.18,85.45,158.38,1078.39,730.32,79.43,Poor
2026-01-02 13:50:00,26.31,68.82,27.79,674.96,512.96,58.33,Good
2026-01-02 14:00:00,27.21,77.71,12.6,627.93,491.49,59.8,Good
2026-01-02 14:10:00,30.7,87.68,47.09,546.1,451.28,62.66,Good
2026-01-02 14:20:00,27.17,65.54,26.78,508.21,214.37,69.46,Moderate
2026-01-02 14:30:00,29.54,59.04,44.49,350.0,653.34,59.05,Good
2026-01-02 14:40:00,29.11,69.29,11.36,442.91,358.37,46.55,Good
2026-01-02 14:50:00,27.37,90.64,45.71,741.14,525.67,52.94,Good
2026-01-02 15:00:00,34.36,63.57,20.47,421.95,215.54,57.46,Moderate
2026-01-02 15:10:00,30.58,83.11,43.77,568.95,273.08,71.55,Moderate
2026-01-02 15:20:00,23.94,83.42,35.17,650.74,665.26,43.82,Good
2026-01-02 15:30:00,29.47,65.57,23.55,424.51,397.9,64.62,Good
2026-01-02 15:40:00,27.35,74.55,30.12,568.47,667.99,56.44,Good
2026-01-02 15:50:00,31.13,83.03,43.24,643.79,438.27,61.7,Good
2026-01-02 16:00:00,27.02,66.97,36.27,551.25,173.72,54.18,Good
2026-01-02 16:10:00,28.71,68.37,42.01,836.84,583.81,48.26,Moderate
2026-01-02 16:20:00,30.26,65.35,58.72,383.14,361.52,61.01,Moderate
2026-01-02 16:30:00,31.16,61.88,16.23,655.87,554.8,60.24,Good
2026-01-02 16:40:00,26.0,64.81,54.41,532.72,453.78,62.78,Moderate
2026-01-02 16:50:00,28.16,60.21,36.25,627.19,218.53,54.89,Good
2026-01-02 17:00:00,27.81,70.27,24.21,594.13,474.64,50.2,Good
2026-01-02 17:10:00,27.37,63.84,19.04,476.68,779.43,42.53,Good
2026-01-02 17:20:00,33.41,71.87,32.73,572.9,523.95,61.55,Moderate
2026-01-02 17:30:00,30.01,57.55,46.06,364.21,441.37,58.39,Good
2026-01-02 17:40:00,25.85,72.65,33.47,610.32,611.3,47.27,Good
2026-01-02 17:50:00,31.29,76.67,53.13,579.82,481.6,50.69,Moderate
2026-01-02 18:00:00,34.31,54.05,17.59,613.87,481.43,51.27,Moderate
2026-01-02 18:10:00,31.58,72.99,34.85,655.81,286.26,43.14,Good
2026-01-02 18:20:00,25.2,79.82,19.97,586.76,485.08,48.46,Good
2026-01-02 18:30:00,27.79,60.32,39.36,564.81,605.32,45.93,Good
2026-01-02 18:40:00,32.17,83.38,45.64,461.89,324.59,51.7,Good
2026-01-02 18:50:00,27.23,73.35,29.95,478.78,663.67,49.09,Good
2026-01-02 19:00:00,30.11,64.36,5.0,668.67,436.24,41.98,Good
2026-01-02 19:10:00,30.94,69.55,37.39,693.63,316.83,71.18,Moderate
2026-01-02 19:20:00,26.68,74.47,40.24,526.19,599.64,65.02,Moderate
2026-01-02 19:30:00,28.85,70.61,39.85,554.6,406.98,48.77,Good
2026-01-02 19:40:00,20.9,74.31,49.83,459.54,563.93,57.18,Good
2026-01-02 19:50:00,26.44,62.63,22.15,667.28,406.24,58.34,Good
2026-01-02 20:00:00,28.37,71.35,43.16,616.54,441.03,64.53,Good
2026-01-02 20:10:00,25.88,58.69,49.31,744.12,524.03,48.45,Good
2026-01-02 20:20:00,33.08,69.11,13.66,462.17,493.63,63.74,Moderate
2026-01-02 20:30:00,25.42,62.77,38.84,512.2,150.67,50.62,Good
2026-01-02 20:40:00,27.9,64.12,28.95,573.14,281.81,44.31,Good
2026-01-02 20:50:00,29.33,79.89,34.02,614.65,589.41,60.79,Good
2026-01-02 21:00:00,32.6,78.73,39.17,528.43,430.18,65.33,Moderate
2026-01-02 21:10:00,25.41,74.87,29.15,462.7,371.44,75.7,Moderate
2026-01-02 21:20:00,31.91,61.26,26.89,638.14,246.21,45.4,Good
2026-01-02 21:30:00,29.03,67.47,35.41,622.11,288.04,60.59,Good
2026-01-02 21:40:00,26.55,79.7,21.95,458.37,146.73,51.72,Good
2026-01-02 21:50:00,30.16,71.13,21.97,685.54,434.81,61.27,Good
2026-01-02 22:00:00,40.55,100.0,119.86,1414.67,360.23,72.78,Poor
2026-01-02 22:10:00,27.5,73.15,21.21,563.43,305.01,44.9,Good
2026-01-02 22:20:00,29.17,71.54,43.0,557.96,439.78,48.79,Good
2026-01-02 22:30:00,28.04,67.53,40.55,605.41,504.6,55.63,Good
2026-01-02 22:40:00,29.28,71.07,14.29,463.83,763.98,49.87,Good
2026-01-02 22:50:00,30.66,68.78,26.87,553.0,223.22,60.27,Good
2026-01-02 23:00:00,32.97,75.66,49.33,350.0,623.91,63.22,Good
2026-01-02 23:10:00,25.91,77.65,23.23,637.65,595.97,59.8,Good
2026-01-02 23:20:00,34.33,63.71,29.43,393.85,333.14,67.95,Moderate
2026-01-02 23:30:00,24.12,59.35,40.54,700.34,480.49,58.33,Good
2026-01-02 23:40:00,28.62,55.31,44.4,516.99,381.36,45.26,Good
2026-01-02 23:50:00,30.47,74.06,31.98,528.83,477.85,65.91,Moderate
2026-01-03 00:00:00,29.7,61.17,27.83,487.23,676.37,50.16,Good
2026-01-03 00:10:00,27.44,52.78,52.07,521.2,540.84,62.28,Moderate
2026-01-03 00:20:00,28.48,73.11,55.87,691.85,526.29,67.59,Moderate
2026-01-03 00:30:00,27.77,89.94,46.75,350.0,385.45,58.65,Good
2026-01-03 00:40:00,27.53,69.95,36.02,677.7,227.39,43.03,Good
2026-01-03 00:50:00,31.12,76.71,25.3,583.8,418.73,47.65,Good
2026-01-03 01:00:00,29.89,70.65,25.03,429.3,630.99,65.58,Moderate
2026-01-03 01:10:00,27.27,69.21,41.27,442.47,220.92,53.65,Good
2026-01-03 01:20:00,31.25,77.35,40.02,717.64,291.74,55.64,Good
2026-01-03 01:30:00,29.77,67.68,51.82,455.45,468.94,61.07,Moderate
2026-01-03 01:40:00,31.03,72.14,42.81,434.66,302.3,60.57,Good
2026-01-03 01:50:00,30.57,72.57,16.96,663.73,331.12,57.23,Good
2026-01-03 02:00:00,26.93,64.66,47.62,583.86,386.46,53.33,Good
2026-01-03 02:10:00,27.6,77.94,23.02,456.21,245.16,52.5,Good
2026-01-03 02:20:00,30.87,68.6,30.39,571.66,303.88,61.86,Good
2026-01-03 02:30:00,30.53,63.95,38.0,447.42,555.51,59.43,Good
2026-01-03 02:40:00,39.74,94.92,144.14,1074.31,253.89,70.22,Poor
2026-01-03 02:50:00,29.29,62.81,72.32,656.14,210.32,63.66,Moderate
2026-01-03 03:00:00,32.19,70.23,42.28,603.2,355.5,53.97,Good
2026-01-03 03:10:00,27.52,69.93,32.8,586.17,559.79,48.19,Good
2026-01-03 03:20:00,30.37,78.69,41.41,726.12,420.46,48.93,Good
2026-01-03 03:30:00,28.49,73.8,45.65,549.97,380.31,47.17,Good
2026-01-03 03:40:00,28.46,69.8,31.15,431.81,456.65,52.82,Good
2026-01-03 03:50:00,31.75,76.54,56.54,594.95,188.14,64.87,Moderate
2026-01-03 04:00:00,31.06,81.12,37.76,758.6,524.21,48.56,Good
2026-01-03 04:10:00,31.03,74.46,40.97,448.52,507.52,56.51,Good
2026-01-03 04:20:00,45.0,88.25,156.78,1135.51,388.6,79.14,Poor
2026-01-03 04:30:00,29.05,59.51,40.06,591.64,600.89,52.92,Good
2026-01-03 04:40:00,30.7,61.48,45.07,544.61,280.88,42.92,Good
2026-01-03 04:50:00,28.22,67.56,27.59,451.77,619.19,53.24,Good
2026-01-03 05:00:00,29.81,65.12,28.3,662.19,473.17,53.45,Good
2026-01-03 05:10:00,28.67,68.5,21.8,782.0,399.52,59.32,Good
2026-01-03 05:20:00,29.24,70.45,40.27,569.61,447.02,56.79,Good
2026-01-03 05:30:00,30.49,74.24,44.35,459.59,433.91,45.41,Good
2026-01-03 05:40:00,26.95,69.44,40.49,395.1,633.04,63.67,Good
2026-01-03 05:50:00,34.23,73.89,55.09,575.8,288.5,56.68,Moderate
2026-01-03 06:00:00,26.48,70.52,34.93,660.39,335.62,56.59,Good
2026-01-03 06:10:00,25.96,54.2,43.02,597.52,605.45,54.93,Good
2026-01-03 06:20:00,31.9,62.49,21.9,549.76,360.67,50.86,Good
2026-01-03 06:30:00,30.98,68.85,30.35,491.07,585.08,56.74,Good
2026-01-03 06:40:00,30.56,60.32,43.35,440.78,704.92,58.8,Good
2026-01-03 06:50:00,30.57,74.8,45.19,633.48,389.73,41.02,Good
2026-01-03 07:00:00,28.97,82.25,31.47,641.38,552.2,50.69,Good
2026-01-03 07:10:00,26.76,79.75,34.14,395.43,276.95,52.96,Good
2026-01-03 07:20:00,29.19,68.29,16.79,708.98,563.21,57.05,Good
2026-01-03 07:30:00,41.93,100.0,136.39,1262.9,479.91,80.27,Poor
2026-01-03 07:40:00,45.0,87.8,157.98,1152.22,520.96,73.15,Poor
2026-01-03 07:50:00,28.63,67.3,41.9,415.79,353.16,51.02,Good
2026-01-03 08:00:00,26.94,65.09,41.01,413.42,200.84,50.9,Good
2026-01-03 08:10:00,28.2,67.58,35.6,535.1,525.49,48.59,Good
2026-01-03 08:20:00,30.03,66.89,35.08,600.28,140.49,52.22,Good
2026-01-03 08:30:00,27.59,71.36,27.08,729.64,402.4,61.17,Good
2026-01-03 08:40:00,26.94,71.28,43.39,620.61,591.18,46.57,Good
2026-01-03 08:50:00,29.61,70.02,40.05,525.73,478.78,58.42,Good
2026-01-03 09:00:00,29.61,73.5,40.9,447.36,742.25,41.38,Good
2026-01-03 09:10:00,27.73,79.53,28.69,673.0,603.77,50.51,Good
2026-01-03 09:20:00,27.82,77.6,9.16,453.53,351.92,52.36,Good
2026-01-03 09:30:00,29.58,58.12,48.17,712.85,454.1,68.4,Moderate
2026-01-03 09:40:00,25.38,49.57,29.25,521.56,442.89,52.8,Good
2026-01-03 09:50:00,25.48,77.47,24.65,709.06,212.67,37.39,Good
2026-01-03 10:00:00,27.2,59.06,43.32,617.89,308.94,39.01,Good
2026-01-03 10:10:00,28.47,68.2,30.3,536.3,365.89,55.27,Good
2026-01-03 10:20:00,29.78,60.64,47.72,498.06,144.57,59.91,Good
2026-01-03 10:30:00,32.69,55.58,42.4,515.91,457.12,58.0,Good
2026-01-03 10:40:00,31.14,74.33,43.2,592.83,412.64,56.34,Good
2026-01-03 10:50:00,28.6,76.07,18.61,557.72,199.07,64.3,Good
2026-01-03 11:00:00,28.95,65.39,49.54,490.62,510.63,50.68,Good
2026-01-03 11:10:00,26.49,49.27,38.14,533.44,557.38,62.16,Good
2026-01-03 11:20:00,28.95,65.63,30.57,557.86,484.06,41.94,Good
2026-01-03 11:30:00,28.28,73.13,36.72,350.0,401.39,47.76,Good
2026-01-03 11:40:00,29.81,58.17,13.69,595.82,538.72,40.54,Good
2026-01-03 11:50:00,26.93,71.47,39.9,452.03,552.03,52.8,Good
2026-01-03 12:00:00,30.3,69.88,22.65,434.67,496.11,54.63,Good
2026-01-03 12:10:00,32.83,74.63,18.77,381.27,326.31,55.91,Good
2026-01-03 12:20:00,28.73,70.96,16.73,370.61,491.49,55.5,Good
2026-01-03 12:30:00,30.0,62.22,48.35,414.46,629.32,47.58,Good
2026-01-03 12:40:00,30.73,79.57,27.45,479.1,360.51,53.48,Good
2026-01-03 12:50:00,28.0,68.73,53.4,745.33,764.69,43.02,Moderate
2026-01-03 13:00:00,29.56,69.78,28.57,497.41,371.16,65.91,Moderate
2026-01-03 13:10:00,29.03,62.53,14.51,567.78,454.86,52.57,Good
2026-01-03 13:20:00,29.24,66.45,21.6,590.05,349.13,51.09,Good
2026-01-03 13:30:00,27.07,62.92,49.83,563.11,483.49,67.71,Moderate
2026-01-03 13:40:00,29.06,68.62,33.13,542.26,188.67,45.06,Good
2026-01-03 13:50:00,39.39,100.0,133.26,1150.17,368.09,73.25,Poor
2026-01-03 14:00:00,32.63,59.02,36.92,695.09,286.18,46.23,Good
2026-01-03 14:10:00,31.4,57.09,41.02,730.72,470.3,54.46,Good
2026-01-03 14:20:00,34.38,81.77,48.41,381.73,599.17,58.45,Moderate
2026-01-03 14:30:00,27.08,68.33,52.38,447.6,546.9,60.92,Moderate
2026-01-03 14:40:00,31.18,64.65,30.68,522.02,94.25,75.58,Moderate
2026-01-03 14:50:00,29.46,78.32,19.09,453.55,756.31,37.0,Good
2026-01-03 15:00:00,34.47,65.16,30.04,600.6,494.29,59.87,Moderate
2026-01-03 15:10:00,26.98,84.61,38.12,477.17,333.53,50.54,Good
2026-01-03 15:20:00,26.9,75.42,23.43,766.51,473.57,50.31,Good
2026-01-03 15:30:00,27.5,66.1,23.51,669.05,476.43,50.04,Good
2026-01-03 15:40:00,23.69,87.26,39.13,571.26,349.97,47.73,Good
2026-01-03 15:50:00,27.69,65.15,34.42,652.7,479.69,68.48,Moderate
2026-01-03 16:00:00,27.1,75.94,35.39,660.59,358.88,61.74,Good
2026-01-03 16:10:00,29.38,72.39,25.9,493.61,389.35,55.19,Good
2026-01-03 16:20:00,29.85,80.41,32.24,468.38,347.06,65.81,Moderate
2026-01-03 16:30:00,45.0,100.0,143.01,1128.43,235.1,69.94,Poor
2026-01-03 16:40:00,31.38,70.26,45.68,636.16,471.88,44.35,Good
2026-01-03 16:50:00,27.56,63.97,47.42,563.91,537.79,37.58,Good
2026-01-03 17:00:00,26.75,73.68,12.85,392.3,527.23,49.4,Good
2026-01-03 17:10:00,30.23,64.58,23.85,469.72,572.99,56.29,Good
2026-01-03 17:20:00,25.7,86.11,17.04,542.6,498.65,55.82,Good
2026-01-03 17:30:00,33.58,71.09,27.2,542.43,370.09,56.19,Moderate
2026-01-03 17:40:00,31.95,67.08,34.0,747.25,575.95,43.71,Good
2026-01-03 17:50:00,27.83,71.48,17.6,411.4,246.37,61.43,Good
2026-01-03 18:00:00,24.72,59.22,23.94,600.56,314.9,56.92,Good
2026-01-03 18:10:00,32.38,62.23,22.95,698.91,305.37,60.86,Good
2026-01-03 18:20:00,28.71,79.6,37.49,777.14,612.01,39.86,Good
2026-01-03 18:30:00,32.09,64.74,35.83,509.56,591.42,57.49,Good
2026-01-03 18:40:00,25.01,61.62,26.34,599.14,523.1,45.5,Good
2026-01-03 18:50:00,27.5,74.29,37.12,606.98,610.79,51.82,Good
2026-01-03 19:00:00,29.01,79.49,28.44,569.55,318.11,59.27,Good
2026-01-03 19:10:00,29.12,75.75,31.74,540.12,502.29,55.73,Good
2026-01-03 19:20:00,27.87,77.97,55.08,593.6,431.22,48.19,Moderate
2026-01-03 19:30:00,42.47,83.95,111.18,1009.56,577.03,75.93,Poor
2026-01-03 19:40:00,26.33,58.63,19.41,618.21,432.72,42.75,Good
2026-01-03 19:50:00,28.64,82.01,44.96,562.62,392.26,64.2,Good
2026-01-03 20:00:00,29.3,67.42,44.74,527.75,531.14,53.36,Good
2026-01-03 20:10:00,30.29,67.99,21.22,754.69,581.43,63.95,Good
2026-01-03 20:20:00,30.78,80.63,44.83,482.51,349.75,50.79,Good
2026-01-03 20:30:00,26.19,74.45,53.46,509.69,440.84,50.81,Moderate
2026-01-03 20:40:00,25.16,73.65,21.53,749.16,291.23,48.89,Good
2026-01-03 20:50:00,32.19,87.32,23.99,466.79,75.29,62.01,Good
2026-01-03 21:00:00,29.83,64.85,47.21,494.99,480.07,49.32,Good
2026-01-03 21:10:00,27.13,77.42,38.26,535.3,541.34,60.16,Good
2026-01-03 21:20:00,32.88,70.46,41.62,634.07,489.31,51.94,Good
2026-01-03 21:30:00,29.29,72.15,39.09,570.78,157.57,39.19,Good
2026-01-03 21:40:00,31.95,82.23,39.69,420.74,397.37,50.44,Good
2026-01-03 21:50:00,29.17,74.06,19.08,496.78,117.25,45.57,Good
2026-01-03 22:00:00,42.84,97.38,122.09,898.17,655.46,72.0,Poor
2026-01-03 22:10:00,33.39,78.58,49.04,542.28,287.09,45.48,Moderate
2026-01-03 22:20:00,28.38,67.08,32.25,592.58,638.31,62.41,Good
2026-01-03 22:30:00,44.78,81.77,145.52,1287.4,591.88,81.08,Poor
2026-01-03 22:40:00,30.61,61.64,16.63,372.4,314.91,53.58,Good
2026-01-03 22:50:00,40.61,76.73,133.75,1432.85,280.08,88.14,Poor
2026-01-03 23:00:00,26.59,86.45,41.86,575.26,502.56,62.71,Good
2026-01-03 23:10:00,30.72,61.17,34.25,688.45,323.35,54.84,Good
2026-01-03 23:20:00,31.65,68.23,48.49,594.42,465.37,48.83,Good
2026-01-03 23:30:00,24.6,67.79,30.99,660.13,377.58,40.81,Good
2026-01-03 23:40:00,26.04,72.46,41.78,596.65,182.83,49.51,Good
2026-01-03 23:50:00,23.9,76.53,22.76,684.62,115.43,50.06,Good
2026-01-04 00:00:00,28.33,76.88,34.72,602.23,484.0,55.86,Good
2026-01-04 00:10:00,30.79,65.34,32.91,540.21,365.77,52.24,Good
2026-01-04 00:20:00,32.76,68.66,37.7,777.24,367.04,60.5,Good
2026-01-04 00:30:00,29.19,72.26,30.57,638.9,554.38,50.1,Good
2026-01-04 00:40:00,33.07,68.01,33.42,607.37,626.02,54.54,Moderate
2026-01-04 00:50:00,25.55,82.86,44.91,422.37,409.12,64.47,Good
2026-01-04 01:00:00,24.74,73.93,29.76,421.17,398.91,57.73,Good
2026-01-04 01:10:00,28.86,75.88,15.72,579.27,525.02,54.52,Good
2026-01-04 01:20:00,29.96,75.3,56.0,564.55,246.46,50.18,Moderate
2026-01-04 01:30:00,28.92,79.39,51.58,488.59,483.47,49.93,Moderate
2026-01-04 01:40:00,23.83,71.45,19.49,564.1,532.78,48.2,Good
2026-01-04 01:50:00,28.78,59.63,43.28,708.86,552.03,50.67,Good
2026-01-04 02:00:00,25.74,73.2,28.96,619.54,159.49,61.05,Good
2026-01-04 02:10:00,30.67,64.79,38.16,435.9,335.8,53.22,Good
2026-01-04 02:20:00,38.79,88.4,119.91,1306.05,318.26,69.18,Poor
2026-01-04 02:30:00,26.65,74.69,32.19,469.5,464.98,69.15,Moderate
2026-01-04 02:40:00,27.72,79.91,25.59,511.23,522.11,57.56,Good
2026-01-04 02:50:00,26.35,70.17,26.71,508.64,674.51,43.74,Good
2026-01-04 03:00:00,40.65,93.55,138.48,923.2,375.76,76.39,Poor
2026-01-04 03:10:00,31.39,83.62,25.02,424.49,375.36,55.89,Good
2026-01-04 03:20:00,26.54,71.93,34.19,537.23,622.45,68.64,Moderate
2026-01-04 03:30:00,30.26,90.81,26.41,493.94,494.49,46.14,Good
2026-01-04 03:40:00,27.67,74.52,43.18,350.0,640.15,62.81,Good
2026-01-04 03:50:00,27.02,55.91,52.85,755.3,493.31,66.2,Moderate
2026-01-04 04:00:00,28.73,76.03,28.04,658.88,276.43,49.97,Good
2026-01-04 04:10:00,26.41,73.05,37.87,512.37,250.03,52.78,Good
2026-01-04 04:20:00,35.7,97.07,116.6,1298.87,217.27,70.63,Poor
2026-01-04 04:30:00,26.01,75.39,40.66,432.83,549.31,53.37,Good
2026-01-04 04:40:00,33.91,68.89,35.91,719.57,628.29,54.71,Moderate
2026-01-04 04:50:00,29.09,60.21,43.91,739.73,727.4,60.28,Good
2026-01-04 05:00:00,27.25,68.33,40.79,565.67,576.47,63.72,Good
2026-01-04 05:10:00,29.53,63.2,20.15,652.35,624.43,49.02,Good
2026-01-04 05:20:00,28.72,65.36,45.43,567.53,363.0,39.26,Good
2026-01-04 05:30:00,28.45,74.71,45.65,416.33,276.54,54.83,Good
2026-01-04 05:40:00,30.54,83.36,25.84,508.82,577.51,57.35,Good
2026-01-04 05:50:00,30.89,73.16,35.46,563.19,512.65,57.0,Good
2026-01-04 06:00:00,27.67,60.43,43.2,504.55,466.12,52.39,Good
2026-01-04 06:10:00,27.56,73.56,32.49,528.13,508.11,56.0,Good
2026-01-04 06:20:00,28.31,79.57,47.88,540.86,498.48,67.12,Moderate
2026-01-04 06:30:00,23.25,65.12,63.37,541.91,642.57,58.05,Moderate
2026-01-04 06:40:00,25.21,68.93,25.57,555.23,644.25,52.01,Good
2026-01-04 06:50:00,32.42,70.12,18.43,443.94,531.63,51.0,Good
2026-01-04 07:00:00,45.0,84.0,98.74,959.81,576.87,83.16,Poor
2026-01-04 07:10:00,28.38,75.19,43.66,421.54,527.11,68.09,Moderate
2026-01-04 07:20:00,30.44,69.03,32.23,647.78,380.82,53.53,Good
2026-01-04 07:30:00,29.78,73.36,52.44,350.0,563.48,54.84,Moderate
2026-01-04 07:40:00,36.7,62.9,18.94,665.36,240.83,51.14,Moderate
2026-01-04 07:50:00,31.8,66.5,43.32,688.63,608.08,63.79,Good
2026-01-04 08:00:00,28.68,75.78,27.73,519.78,270.82,70.68,Moderate
2026-01-04 08:10:00,26.61,67.02,55.63,350.0,492.87,58.6,Moderate
2026-01-04 08:20:00,24.98,83.82,58.91,513.87,323.23,55.66,Moderate
2026-01-04 08:30:00,29.51,66.8,25.8,543.58,533.01,55.29,Good
2026-01-04 08:40:00,27.11,71.8,28.41,448.94,444.91,35.93,Good
2026-01-04 08:50:00,25.44,77.46,45.32,498.48,210.79,60.96,Good
2026-01-04 09:00:00,27.38,58.65,30.35,703.02,513.1,56.07,Good
2026-01-04 09:10:00,26.3,55.91,34.46,616.49,363.31,58.43,Good
2026-01-04 09:20:00,33.22,57.79,35.3,457.54,582.17,49.31,Moderate
2026-01-04 09:30:00,31.2,80.1,11.96,390.24,450.2,51.92,Good
2026-01-04 09:40:00,28.98,65.59,34.83,517.3,509.31,51.71,Good
2026-01-04 09:50:00,32.7,90.47,26.72,528.65,306.36,63.17,Good
2026-01-04 10:00:00,29.19,65.49,29.08,599.62,361.6,51.97,Good
2026-01-04 10:10:00,26.85,71.48,52.32,496.47,381.2,71.66,Moderate
2026-01-04 10:20:00,32.81,82.34,19.92,601.15,578.51,58.45,Good
2026-01-04 10:30:00,30.35,86.05,44.76,743.52,701.61,44.79,Good
2026-01-04 10:40:00,26.41,86.49,31.65,631.55,329.22,53.97,Good
2026-01-04 10:50:00,28.52,79.67,31.64,545.19,611.53,49.79,Good
2026-01-04 11:00:00,26.81,78.19,44.48,531.68,124.55,37.44,Good
2026-01-04 11:10:00,25.54,74.74,39.08,514.33,270.87,67.8,Moderate
2026-01-04 11:20:00,31.32,76.23,41.85,668.06,306.18,60.63,Good
2026-01-04 11:30:00,33.77,65.59,46.62,487.27,247.12,59.27,Moderate
2026-01-04 11:40:00,25.5,63.45,31.02,554.52,212.46,56.32,Good
2026-01-04 11:50:00,30.41,69.97,27.65,555.12,511.95,43.94,Good
2026-01-04 12:00:00,27.37,68.64,21.98,499.82,417.89,51.13,Good
2026-01-04 12:10:00,27.78,66.37,25.1,412.75,506.91,61.73,Good
2026-01-04 12:20:00,27.52,75.57,70.39,582.3,553.57,46.59,Moderate
2026-01-04 12:30:00,26.84,77.64,49.94,543.9,489.84,34.75,Good
2026-01-04 12:40:00,29.12,70.71,18.79,600.02,548.66,53.18,Good
2026-01-04 12:50:00,26.92,81.82,19.13,496.64,439.57,53.87,Good
2026-01-04 13:00:00,29.68,60.87,40.78,672.08,271.95,56.08,Good
2026-01-04 13:10:00,42.98,86.21,120.15,918.04,608.67,88.51,Poor
2026-01-04 13:20:00,37.18,82.67,103.41,1277.98,361.63,89.63,Poor
2026-01-04 13:30:00,26.73,55.07,31.94,375.24,309.66,57.07,Good
2026-01-04 13:40:00,27.56,69.34,33.49,593.48,423.31,64.56,Good
2026-01-04 13:50:00,30.89,69.03,38.93,597.54,313.08,42.85,Good
2026-01-04 14:00:00,30.25,82.11,36.03,470.44,387.39,59.04,Good
2026-01-04 14:10:00,26.56,75.05,8.37,592.44,501.61,60.01,Good
2026-01-04 14:20:00,29.25,61.81,32.24,677.95,502.25,45.08,Good
2026-01-04 14:30:00,30.88,84.83,24.78,350.0,315.33,42.98,Good
2026-01-04 14:40:00,24.83,79.77,37.1,600.27,376.84,49.03,Good
2026-01-04 14:50:00,30.36,74.66,70.82,350.0,611.15,49.71,Moderate
2026-01-04 15:00:00,27.34,68.19,39.41,453.43,524.46,61.03,Good
2026-01-04 15:10:00,30.43,62.32,31.24,712.92,761.26,50.08,Good
2026-01-04 15:20:00,27.09,67.02,46.06,491.82,627.02,48.15,Good
2026-01-04 15:30:00,24.49,78.71,40.79,432.61,621.64,50.11,Good
2026-01-04 15:40:00,24.93,85.08,40.04,530.21,241.82,63.95,Good
2026-01-04 15:50:00,29.12,82.35,42.28,756.79,564.58,55.1,Good
2026-01-04 16:00:00,29.65,66.09,59.68,366.83,442.03,53.57,Moderate
2026-01-04 16:10:00,26.74,61.04,21.43,444.87,367.35,54.12,Good
2026-01-04 16:20:00,30.6,71.13,40.68,699.74,475.2,65.34,Moderate
2026-01-04 16:30:00,24.85,55.85,23.88,735.77,591.78,49.01,Good
2026-01-04 16:40:00,28.83,72.59,41.67,539.66,525.12,65.52,Moderate
2026-01-04 16:50:00,25.97,68.82,23.98,426.09,318.23,56.68,Good
2026-01-04 17:00:00,27.37,66.27,29.99,759.58,561.37,53.72,Good
2026-01-04 17:10:00,29.12,57.24,31.46,709.44,354.36,75.01,Moderate
2026-01-04 17:20:00,26.85,74.11,46.71,617.89,482.5,46.55,Good
2026-01-04 17:30:00,28.04,65.74,46.02,468.76,404.5,52.17,Good
2026-01-04 17:40:00,31.52,60.64,20.05,545.1,417.17,45.14,Good
2026-01-04 17:50:00,27.56,47.02,35.66,533.96,564.94,62.62,Good
2026-01-04 18:00:00,31.09,69.78,26.49,583.09,293.97,68.51,Moderate
2026-01-04 18:10:00,26.18,84.18,19.9,695.1,741.78,68.36,Moderate
2026-01-04 18:20:00,30.32,83.29,32.4,637.94,176.84,64.79,Good
2026-01-04 18:30:00,32.6,66.34,31.3,442.26,360.35,53.42,Good
2026-01-04 18:40:00,22.82,65.18,64.12,687.65,505.53,52.08,Moderate
2026-01-04 18:50:00,27.01,73.75,40.2,581.31,537.65,41.63,Good
2026-01-04 19:00:00,30.44,62.01,18.47,618.71,434.93,71.29,Moderate
2026-01-04 19:10:00,28.49,72.41,28.22,696.65,441.39,58.75,Good
2026-01-04 19:20:00,44.83,99.56,127.9,1113.08,511.58,79.33,Poor
2026-01-04 19:30:00,27.49,79.82,60.06,546.42,415.34,65.62,Moderate
2026-01-04 19:40:00,29.22,69.2,15.97,496.85,658.98,47.22,Good
2026-01-04 19:50:00,28.61,68.37,12.44,393.21,575.9,58.25,Good
2026-01-04 20:00:00,31.92,62.98,57.45,584.67,580.92,53.62,Moderate
2026-01-04 20:10:00,29.64,63.38,39.68,801.16,305.08,60.11,Moderate
2026-01-04 20:20:00,29.84,68.19,24.58,365.99,438.09,54.49,Good
2026-01-04 20:30:00,27.97,72.94,41.42,546.77,404.93,43.39,Good
2026-01-04 20:40:00,27.78,77.31,5.0,614.05,299.16,55.6,Good
2026-01-04 20:50:00,27.92,63.57,35.04,562.31,504.02,63.39,Good
2026-01-04 21:00:00,29.99,81.94,38.93,538.69,369.35,54.77,Good
2026-01-04 21:10:00,27.95,67.83,46.09,420.08,548.31,61.2,Good
2026-01-04 21:20:00,29.72,69.83,22.83,573.28,289.47,46.64,Good
2026-01-04 21:30:00,34.19,64.02,36.03,474.32,707.86,54.79,Moderate
2026-01-04 21:40:00,31.18,50.61,23.89,350.0,315.55,50.0,Good
2026-01-04 21:50:00,28.18,77.07,38.06,669.46,482.9,60.98,Good
2026-01-04 22:00:00,32.0,75.89,24.26,645.84,568.78,55.25,Good
2026-01-04 22:10:00,27.98,67.75,30.1,555.17,364.4,60.52,Good
2026-01-04 22:20:00,23.9,70.54,23.05,572.91,577.87,63.7,Good
2026-01-04 22:30:00,26.48,74.13,42.81,657.43,265.62,60.53,Good
2026-01-04 22:40:00,24.32,57.5,45.3,572.43,667.82,57.18,Good
2026-01-04 22:50:00,28.12,65.77,32.18,640.4,452.12,47.01,Good
2026-01-04 23:00:00,29.05,76.35,35.46,520.25,360.54,54.98,Good
2026-01-04 23:10:00,33.19,59.97,17.62,681.2,405.12,50.74,Moderate
2026-01-04 23:20:00,29.82,72.35,31.4,582.08,571.34,52.25,Good
2026-01-04 23:30:00,28.45,59.15,34.4,569.41,362.33,52.0,Good
2026-01-04 23:40:00,31.07,73.73,66.45,422.99,337.6,47.16,Moderate
2026-01-04 23:50:00,23.47,69.71,21.66,578.7,416.77,39.34,Good
2026-01-05 00:00:00,29.59,57.08,52.57,466.8,273.46,49.65,Moderate
2026-01-05 00:10:00,30.93,79.32,46.96,486.17,723.08,56.55,Good
2026-01-05 00:20:00,25.3,64.12,38.37,468.46,365.04,44.21,Good
2026-01-05 00:30:00,31.86,63.52,56.1,443.38,574.74,55.13,Moderate
2026-01-05 00:40:00,29.85,71.6,39.47,762.48,481.42,70.2,Moderate
2026-01-05 00:50:00,27.96,79.19,39.67,683.13,302.32,63.18,Good
2026-01-05 01:00:00,30.58,61.87,34.36,742.04,449.11,68.15,Moderate
2026-01-05 01:10:00,34.68,70.49,49.68,427.71,567.6,58.13,Moderate
2026-01-05 01:20:00,29.45,73.43,48.16,557.13,421.76,64.34,Good
2026-01-05 01:30:00,29.62,75.54,27.49,420.65,628.97,49.21,Good
2026-01-05 01:40:00,27.85,71.41,19.17,480.43,603.23,49.85,Good
2026-01-05 01:50:00,26.88,67.06,32.56,458.19,587.84,33.09,Good
2026-01-05 02:00:00,31.08,63.38,25.4,673.96,381.05,64.49,Good
2026-01-05 02:10:00,26.86,70.69,34.24,510.38,288.02,67.32,Moderate
2026-01-05 02:20:00,29.18,61.42,49.85,656.84,357.96,50.57,Good
2026-01-05 02:30:00,27.81,46.63,29.51,610.41,479.44,52.97,Good
2026-01-05 02:40:00,30.2,73.49,34.49,780.36,531.87,48.97,Good
2026-01-05 02:50:00,29.83,77.23,35.7,402.06,124.26,58.06,Good
2026-01-05 03:00:00,31.59,51.1,45.18,675.92,448.78,64.0,Good
2026-01-05 03:10:00,27.72,61.92,8.04,664.64,473.71,41.06,Good
2026-01-05 03:20:00,28.33,74.95,27.72,452.66,408.37,58.28,Good
2026-01-05 03:30:00,26.55,86.46,37.54,650.71,643.69,52.79,Good
2026-01-05 03:40:00,27.89,70.17,49.4,583.61,513.27,55.91,Good
2026-01-05 03:50:00,40.94,85.05,91.87,971.42,646.53,79.52,Poor
2026-01-05 04:00:00,30.89,68.54,12.48,467.61,417.61,53.49,Good
2026-01-05 04:10:00,26.69,81.0,42.44,478.09,590.62,54.17,Good
2026-01-05 04:20:00,31.17,64.83,27.38,754.98,695.26,53.29,Good
2026-01-05 04:30:00,32.39,63.61,20.72,550.07,646.75,62.76,Good
2026-01-05 04:40:00,30.03,66.14,27.51,628.21,286.18,58.35,Good
2026-01-05 04:50:00,33.69,62.37,32.79,470.91,411.95,56.76,Moderate
2026-01-05 05:00:00,27.07,70.98,27.74,472.01,398.23,44.83,Good
2026-01-05 05:10:00,25.89,83.0,8.53,658.2,523.39,51.97,Good
2026-01-05 05:20:00,24.55,72.58,45.76,415.04,552.95,62.19,Good
2026-01-05 05:30:00,32.74,67.98,50.3,508.48,324.17,55.3,Moderate
2026-01-05 05:40:00,30.64,67.67,42.82,553.4,460.18,60.28,Good
2026-01-05 05:50:00,28.86,57.49,21.35,561.14,147.01,69.13,Moderate
2026-01-05 06:00:00,29.7,77.06,32.58,532.09,666.29,63.31,Good
2026-01-05 06:10:00,26.19,69.38,34.92,589.58,373.14,55.75,Good
2026-01-05 06:20:00,35.11,68.56,42.19,619.29,458.38,50.91,Moderate
2026-01-05 06:30:00,29.32,95.54,43.02,623.46,403.55,34.57,Good
2026-01-05 06:40:00,29.27,72.39,26.19,451.42,621.9,53.65,Good
2026-01-05 06:50:00,30.81,63.99,35.98,521.58,50.0,52.39,Good
2026-01-05 07:00:00,30.2,66.59,40.49,669.48,447.51,58.12,Good
2026-01-05 07:10:00,29.56,79.19,52.47,639.46,434.13,53.77,Moderate
2026-01-05 07:20:00,27.02,70.91,43.45,412.71,381.95,52.44,Good
2026-01-05 07:30:00,30.18,58.49,44.47,585.15,708.93,40.76,Good
2026-01-05 07:40:00,33.71,77.35,36.01,352.18,316.9,47.48,Moderate
2026-01-05 07:50:00,32.36,64.65,51.93,554.69,565.77,58.81,Moderate
2026-01-05 08:00:00,32.98,84.99,39.92,739.78,503.44,68.73,Moderate
2026-01-05 08:10:00,27.72,78.64,24.67,455.21,639.23,54.22,Good
2026-01-05 08:20:00,26.53,66.42,51.84,466.57,349.92,57.62,Moderate
2026-01-05 08:30:00,28.69,80.25,43.37,626.4,340.05,62.62,Good
2026-01-05 08:40:00,29.14,70.54,29.68,395.72,614.41,48.51,Good
2026-01-05 08:50:00,31.74,76.82,29.25,486.72,513.8,57.93,Good
2026-01-05 09:00:00,24.77,73.88,38.56,609.64,218.26,49.08,Good
2026-01-05 09:10:00,32.82,63.23,40.56,486.57,369.1,61.92,Good
2026-01-05 09:20:00,28.6,64.85,37.37,526.4,507.96,56.21,Good
2026-01-05 09:30:00,27.93,78.24,38.74,624.42,575.66,57.39,Good
2026-01-05 09:40:00,26.47,67.32,55.4,592.15,348.12,48.74,Moderate
2026-01-05 09:50:00,37.57,84.71,123.96,1247.52,50.0,86.12,Poor
2026-01-05 10:00:00,41.05,84.07,108.8,970.78,528.48,89.33,Poor
2026-01-05 10:10:00,29.18,73.39,46.3,587.01,266.95,46.94,Good
2026-01-05 10:20:00,25.78,86.5,22.61,537.63,147.4,52.28,Good
2026-01-05 10:30:00,25.76,61.46,39.78,595.78,50.0,56.85,Good
2026-01-05 10:40:00,28.16,70.19,56.71,500.31,572.1,61.29,Moderate
2026-01-05 10:50:00,33.17,81.3,32.38,531.74,469.29,50.52,Moderate
2026-01-05 11:00:00,28.35,69.36,24.83,451.0,416.15,32.34,Good
2026-01-05 11:10:00,25.24,73.62,27.17,546.5,658.35,65.87,Moderate
2026-01-05 11:20:00,28.39,61.5,21.92,468.9,545.6,61.08,Good
2026-01-05 11:30:00,28.32,73.43,25.58,438.6,692.45,41.06,Good
2026-01-05 11:40:00,22.26,68.5,30.55,575.87,241.09,50.14,Good
2026-01-05 11:50:00,28.86,77.89,18.13,571.27,444.82,67.55,Moderate
2026-01-05 12:00:00,28.42,79.5,35.19,628.29,207.49,66.58,Moderate
2026-01-05 12:10:00,30.74,90.72,45.83,506.89,415.59,62.51,Good
2026-01-05 12:20:00,33.62,74.64,24.11,590.81,412.71,53.59,Moderate
2026-01-05 12:30:00,31.82,72.61,53.23,605.08,543.99,55.66,Moderate
2026-01-05 12:40:00,28.33,71.56,41.13,594.48,456.83,53.95,Good
2026-01-05 12:50:00,26.23,67.17,47.37,467.43,543.51,64.03,Good
2026-01-05 13:00:00,35.43,72.71,27.11,564.94,555.52,47.99,Moderate
2026-01-05 13:10:00,39.54,89.53,143.08,1008.71,773.24,75.46,Poor
2026-01-05 13:20:00,29.03,71.35,21.9,550.72,402.71,63.08,Good
2026-01-05 13:30:00,28.94,80.54,45.68,350.0,308.85,54.65,Good
2026-01-05 13:40:00,29.5,61.95,37.06,566.05,486.91,66.03,Moderate
2026-01-05 13:50:00,43.15,100.0,158.95,1500.0,329.66,66.86,Poor
2026-01-05 14:00:00,27.57,80.54,20.89,514.0,672.29,54.56,Good
2026-01-05 14:10:00,27.63,69.06,24.26,477.19,407.52,47.62,Good
2026-01-05 14:20:00,28.92,53.03,42.17,587.33,365.16,55.06,Good
2026-01-05 14:30:00,27.64,65.14,23.62,581.24,379.3,43.17,Good
2026-01-05 14:40:00,27.22,80.38,40.56,669.27,557.76,51.1,Good
2026-01-05 14:50:00,29.27,69.82,18.59,424.21,426.34,43.51,Good
2026-01-05 15:00:00,38.04,81.9,155.96,1315.41,353.75,89.46,Poor
2026-01-05 15:10:00,32.76,65.96,20.21,609.04,699.8,60.73,Good
2026-01-05 15:20:00,22.37,76.72,41.63,535.79,321.57,41.16,Good
2026-01-05 15:30:00,31.73,74.37,42.51,583.87,455.33,65.67,Moderate
2026-01-05 15:40:00,32.12,68.09,26.64,652.95,547.85,74.98,Moderate
2026-01-05 15:50:00,23.82,67.07,41.98,637.23,205.3,55.37,Good
2026-01-05 16:00:00,28.14,66.87,38.13,435.7,522.04,49.87,Good
2026-01-05 16:10:00,28.07,62.62,28.53,632.02,291.73,77.59,Moderate
2026-01-05 16:20:00,25.48,82.92,22.9,543.53,573.42,44.45,Good
2026-01-05 16:30:00,27.06,67.42,11.45,557.29,305.6,55.16,Good
2026-01-05 16:40:00,26.22,79.74,39.2,557.32,553.92,56.44,Good
2026-01-05 16:50:00,33.38,82.17,16.22,534.98,615.87,65.76,Moderate
2026-01-05 17:00:00,31.34,77.99,36.14,669.17,579.22,57.88,Good
2026-01-05 17:10:00,32.18,66.55,31.84,541.63,487.7,51.01,Good
2026-01-05 17:20:00,30.8,73.23,43.15,438.05,415.3,47.39,Good
2026-01-05 17:30:00,26.18,69.81,31.38,510.65,363.54,52.27,Good
2026-01-05 17:40:00,27.69,62.77,31.05,567.87,670.66,46.94,Good
2026-01-05 17:50:00,30.22,72.59,43.78,672.92,345.08,55.38,Good
2026-01-05 18:00:00,25.94,60.57,39.02,610.31,294.44,50.49,Good
2026-01-05 18:10:00,30.78,79.5,38.79,464.95,549.81,43.05,Good
2026-01-05 18:20:00,28.4,66.28,40.63,798.52,330.58,65.04,Moderate
2026-01-05 18:30:00,28.06,71.61,16.57,576.48,307.49,51.02,Good
2026-01-05 18:40:00,30.78,72.27,44.08,677.54,233.46,44.85,Good
2026-01-05 18:50:00,30.11,67.93,42.35,534.83,377.56,53.65,Good
2026-01-05 19:00:00,28.1,74.69,22.8,603.34,437.59,55.55,Good
2026-01-05 19:10:00,31.9,66.2,32.07,633.95,486.46,41.03,Good
2026-01-05 19:20:00,26.3,76.97,34.53,671.82,592.7,57.65,Good
2026-01-05 19:30:00,30.54,59.23,33.39,655.74,529.03,46.62,Good
2026-01-05 19:40:00,30.48,71.01,39.01,637.22,421.37,68.69,Moderate
2026-01-05 19:50:00,28.23,85.51,52.18,518.49,420.27,59.19,Moderate
2026-01-05 20:00:00,29.82,62.0,47.98,492.83,526.52,51.8,Good
2026-01-05 20:10:00,25.87,64.58,19.25,583.26,640.89,49.04,Good
2026-01-05 20:20:00,40.5,96.14,122.49,1348.93,468.95,73.44,Poor
2026-01-05 20:30:00,28.54,71.44,50.95,527.73,379.63,59.9,Moderate
2026-01-05 20:40:00,27.69,72.81,39.64,656.52,301.07,54.8,Good
2026-01-05 20:50:00,31.62,73.91,48.09,695.26,233.22,53.26,Good
2026-01-05 21:00:00,27.24,75.08,59.15,458.37,549.94,55.47,Moderate
2026-01-05 21:10:00,25.48,78.88,47.28,466.31,536.7,50.17,Good
2026-01-05 21:20:00,25.11,73.28,37.99,535.96,536.6,52.25,Good
2026-01-05 21:30:00,30.52,68.07,47.54,580.76,430.7,38.31,Good
2026-01-05 21:40:00,25.8,75.38,36.74,497.54,661.04,62.79,Good
2026-01-05 21:50:00,33.39,85.2,35.29,685.22,377.38,57.39,Moderate
2026-01-05 22:00:00,23.8,68.94,30.78,592.41,593.29,48.81,Good
2026-01-05 22:10:00,33.24,62.2,53.76,553.94,444.19,70.19,Moderate
2026-01-05 22:20:00,29.53,78.86,25.18,406.41,358.75,55.7,Good
2026-01-05 22:30:00,28.76,69.04,53.39,418.42,538.88,46.71,Moderate
2026-01-05 22:40:00,27.64,52.62,41.0,578.1,511.45,61.85,Good
2026-01-05 22:50:00,30.0,76.78,18.21,350.0,503.55,58.18,Good
2026-01-05 23:00:00,28.91,65.72,39.41,651.26,462.19,58.16,Good
2026-01-05 23:10:00,31.76,69.28,9.8,534.18,444.32,51.59,Good
2026-01-05 23:20:00,29.29,72.66,42.51,874.31,808.26,58.6,Moderate
2026-01-05 23:30:00,29.38,71.52,45.62,780.79,627.64,52.91,Good
2026-01-05 23:40:00,36.64,100.0,106.98,1055.39,558.42,81.7,Poor
2026-01-05 23:50:00,28.86,66.52,36.48,539.37,466.77,39.76,Good
2026-01-06 00:00:00,29.77,74.1,58.45,649.56,601.07,51.53,Moderate
2026-01-06 00:10:00,24.72,67.92,28.93,720.32,527.7,68.78,Moderate
2026-01-06 00:20:00,25.63,75.91,22.29,386.2,453.93,48.86,Good
2026-01-06 00:30:00,30.86,74.92,52.78,371.36,404.47,50.17,Moderate
2026-01-06 00:40:00,29.43,62.52,58.55,487.8,437.86,51.42,Moderate
2026-01-06 00:50:00,28.54,78.69,35.04,608.27,50.0,45.28,Good
2026-01-06 01:00:00,29.05,65.71,47.14,599.69,481.59,37.33,Good
2026-01-06 01:10:00,29.87,76.46,51.1,656.98,376.73,53.16,Moderate
2026-01-06 01:20:00,27.65,72.94,26.09,430.03,688.9,56.09,Good
2026-01-06 01:30:00,27.05,84.71,29.18,350.0,452.9,54.58,Good
2026-01-06 01:40:00,29.49,68.21,49.77,635.8,271.66,53.84,Good
2026-01-06 01:50:00,26.55,67.21,55.22,467.18,442.52,55.34,Moderate
2026-01-06 02:00:00,30.02,69.84,41.75,350.0,293.08,63.18,Good
2026-01-06 02:10:00,24.74,67.57,24.44,564.51,521.01,53.48,Good
2026-01-06 02:20:00,31.57,76.4,58.84,629.32,493.64,50.41,Moderate
2026-01-06 02:30:00,30.18,57.07,28.63,537.79,593.68,52.75,Good
2026-01-06 02:40:00,29.64,61.57,30.98,504.22,331.37,59.63,Good
2026-01-06 02:50:00,31.46,61.46,39.11,534.06,455.1,66.3,Moderate
2026-01-06 03:00:00,33.16,77.6,53.65,512.94,245.25,49.97,Moderate
2026-01-06 03:10:00,31.54,83.68,45.25,415.2,555.22,55.79,Good
2026-01-06 03:20:00,24.4,69.16,39.98,478.53,527.83,57.71,Good
2026-01-06 03:30:00,25.8,68.65,40.56,602.13,524.37,47.06,Good
2026-01-06 03:40:00,27.44,70.56,35.52,582.17,450.24,55.16,Good
2026-01-06 03:50:00,29.07,79.3,41.7,566.81,512.22,43.27,Good
2026-01-06 04:00:00,30.29,62.58,5.0,450.49,690.65,40.85,Good
2026-01-06 04:10:00,27.19,71.91,31.44,531.85,407.24,57.93,Good
2026-01-06 04:20:00,29.47,77.8,37.9,350.0,470.8,51.93,Good
2026-01-06 04:30:00,27.11,74.01,21.19,567.85,287.08,56.62,Good
2026-01-06 04:40:00,27.47,71.52,39.64,692.89,319.76,54.86,Good
2026-01-06 04:50:00,25.48,78.01,32.55,402.59,464.67,47.19,Good
2026-01-06 05:00:00,26.69,48.37,56.07,491.41,615.59,54.64,Moderate
2026-01-06 05:10:00,25.62,75.42,53.88,582.91,411.56,45.14,Moderate
2026-01-06 05:20:00,35.76,88.4,99.37,1319.83,414.61,85.08,Poor
2026-01-06 05:30:00,31.63,55.35,33.19,505.18,388.97,44.15,Good
2026-01-06 05:40:00,26.63,74.09,34.11,480.77,369.79,53.43,Good
2026-01-06 05:50:00,35.58,80.99,29.58,353.11,494.25,46.66,Moderate
2026-01-06 06:00:00,30.23,68.9,37.34,560.34,225.41,59.56,Good
2026-01-06 06:10:00,29.46,77.62,25.9,754.21,642.14,52.35,Good
2026-01-06 06:20:00,26.85,82.9,21.43,577.74,350.19,50.85,Good
2026-01-06 06:30:00,39.07,100.0,118.15,1081.01,558.29,89.06,Poor
2026-01-06 06:40:00,27.56,83.12,42.55,582.21,259.5,55.24,Good
2026-01-06 06:50:00,29.31,75.94,25.35,548.89,550.33,59.13,Good
2026-01-06 07:00:00,35.4,70.6,45.74,468.7,550.79,47.15,Moderate
2026-01-06 07:10:00,28.76,57.18,27.42,632.33,507.63,43.76,Good
2026-01-06 07:20:00,44.13,87.74,138.19,1346.28,300.84,81.87,Poor
2026-01-06 07:30:00,27.24,63.25,44.84,551.76,487.43,52.45,Good
2026-01-06 07:40:00,28.91,87.37,34.6,452.46,272.54,60.01,Good
2026-01-06 07:50:00,33.43,68.59,40.46,680.35,412.09,54.36,Moderate
2026-01-06 08:00:00,27.43,70.99,28.8,616.47,604.41,56.64,Good
2026-01-06 08:10:00,33.53,74.41,32.64,494.71,569.51,42.01,Moderate
2026-01-06 08:20:00,30.77,70.35,32.53,650.18,452.28,70.11,Moderate
2026-01-06 08:30:00,27.59,83.56,26.04,500.24,303.78,53.69,Good
2026-01-06 08:40:00,30.58,65.02,32.88,471.8,546.84,60.58,Good
2026-01-06 08:50:00,31.43,71.56,16.42,474.03,452.91,48.31,Good
2026-01-06 09:00:00,30.55,64.06,29.11,372.89,101.95,57.46,Good
2026-01-06 09:10:00,25.07,59.44,31.58,597.15,567.39,44.58,Good
2026-01-06 09:20:00,27.18,65.11,31.93,366.89,446.37,58.62,Good
2026-01-06 09:30:00,28.38,69.7,32.1,427.16,630.37,52.15,Good
2026-01-06 09:40:00,28.81,66.57,34.26,350.0,285.71,55.23,Good
2026-01-06 09:50:00,30.55,64.46,40.75,541.39,50.0,60.58,Good
2026-01-06 10:00:00,29.44,58.75,45.49,534.97,491.86,45.14,Good
2026-01-06 10:10:00,25.66,69.34,27.2,517.33,493.73,49.52,Good
2026-01-06 10:20:00,29.95,57.96,20.56,445.74,196.4,58.66,Good
2026-01-06 10:30:00,30.53,76.08,22.5,432.78,303.23,71.79,Moderate
2026-01-06 10:40:00,30.4,70.66,29.15,596.44,863.28,53.9,Good
2026-01-06 10:50:00,31.7,58.34,30.78,494.94,404.16,59.73,Good
2026-01-06 11:00:00,31.08,67.53,25.76,581.64,559.64,54.14,Good
2026-01-06 11:10:00,30.15,63.98,19.45,461.48,352.4,70.54,Moderate
2026-01-06 11:20:00,28.82,72.55,29.53,568.11,136.45,41.02,Good
2026-01-06 11:30:00,37.16,100.0,128.57,1377.49,424.46,84.6,Poor
2026-01-06 11:40:00,30.07,55.0,42.14,608.62,410.16,42.0,Good
2026-01-06 11:50:00,29.52,70.92,28.31,508.76,390.02,34.95,Good
2026-01-06 12:00:00,29.68,68.72,30.04,575.72,432.8,57.38,Good
2026-01-06 12:10:00,25.81,75.37,23.88,525.93,489.64,56.12,Good
2026-01-06 12:20:00,26.3,71.71,34.62,550.79,427.48,52.72,Good
2026-01-06 12:30:00,31.63,63.98,24.82,517.44,260.4,54.15,Good
2026-01-06 12:40:00,38.38,87.14,148.88,1222.07,522.93,95.0,Poor
2026-01-06 12:50:00,30.7,63.63,13.57,571.21,157.59,52.93,Good
2026-01-06 13:00:00,29.07,78.61,30.68,450.66,142.45,59.08,Good
2026-01-06 13:10:00,29.07,70.17,38.61,448.41,560.88,49.81,Good
2026-01-06 13:20:00,31.35,85.21,37.21,411.15,526.05,57.36,Good
2026-01-06 13:30:00,27.71,69.51,67.32,389.97,441.39,53.09,Moderate
2026-01-06 13:40:00,29.24,64.33,39.2,428.27,240.68,51.72,Good
2026-01-06 13:50:00,27.84,57.89,22.95,565.95,343.81,69.55,Moderate
2026-01-06 14:00:00,36.65,71.2,116.55,898.95,410.59,81.86,Poor
2026-01-06 14:10:00,28.23,57.33,13.69,601.36,210.62,56.09,Good
2026-01-06 14:20:00,29.56,72.14,34.03,553.47,339.15,36.57,Good
2026-01-06 14:30:00,27.8,74.07,25.0,353.15,547.85,52.11,Good
2026-01-06 14:40:00,32.14,57.35,45.98,615.5,664.1,76.62,Moderate
2026-01-06 14:50:00,26.76,77.16,28.41,631.08,387.08,53.15,Good
2026-01-06 15:00:00,28.53,66.14,33.6,450.61,563.47,63.83,Good
2026-01-06 15:10:00,27.9,71.17,27.37,592.02,162.89,66.54,Moderate
2026-01-06 15:20:00,32.62,82.9,55.87,464.35,548.92,56.75,Moderate
2026-01-06 15:30:00,29.49,77.17,31.15,559.77,329.41,48.27,Good
2026-01-06 15:40:00,31.58,67.85,56.99,423.55,496.1,35.52,Moderate
2026-01-06 15:50:00,25.29,62.87,44.77,370.69,412.84,60.47,Good
2026-01-06 16:00:00,29.67,52.79,40.78,511.72,648.06,48.48,Good
2026-01-06 16:10:00,31.22,64.25,39.42,537.63,318.83,56.41,Good
2026-01-06 16:20:00,29.21,68.31,39.73,510.23,544.14,45.0,Good
2026-01-06 16:30:00,31.66,62.1,11.87,431.6,408.07,52.88,Good
2026-01-06 16:40:00,27.71,68.95,31.65,510.01,426.25,55.27,Good
2026-01-06 16:50:00,32.52,70.61,45.14,576.93,422.42,57.15,Good
2026-01-06 17:00:00,34.75,68.2,34.41,545.51,323.15,46.08,Moderate
2026-01-06 17:10:00,28.09,64.8,18.14,568.25,447.89,64.58,Good
2026-01-06 17:20:00,27.89,71.35,34.37,482.99,440.6,50.22,Good
2026-01-06 17:30:00,32.63,73.54,55.45,667.17,486.19,41.6,Moderate
2026-01-06 17:40:00,32.95,61.28,49.96,432.38,462.68,54.13,Good
2026-01-06 17:50:00,27.69,81.29,34.26,598.76,569.7,55.28,Good
2026-01-06 18:00:00,27.95,69.21,46.42,668.19,588.53,56.28,Good
2026-01-06 18:10:00,28.3,70.15,30.6,598.09,292.41,65.9,Moderate
2026-01-06 18:20:00,25.64,75.67,14.55,529.75,580.32,53.11,Good
2026-01-06 18:30:00,26.7,71.87,23.91,497.17,272.05,54.04,Good
2026-01-06 18:40:00,26.49,77.63,53.75,653.61,538.18,46.17,Moderate
2026-01-06 18:50:00,27.08,72.3,31.71,407.7,542.96,61.56,Good
2026-01-06 19:00:00,28.91,65.1,32.08,452.99,163.3,56.47,Good
2026-01-06 19:10:00,40.26,94.4,144.67,950.68,463.95,72.85,Poor
2026-01-06 19:20:00,32.88,60.85,57.85,673.77,379.73,39.76,Moderate
2026-01-06 19:30:00,26.5,70.87,54.51,587.98,336.19,66.56,Moderate
2026-01-06 19:40:00,45.0,93.66,147.06,932.33,652.63,61.92,Poor
2026-01-06 19:50:00,28.47,68.34,33.09,518.97,351.95,50.27,Good
2026-01-06 20:00:00,28.88,68.97,38.55,488.57,329.04,57.87,Good
2026-01-06 20:10:00,30.69,54.95,16.8,479.02,461.35,45.43,Good
2026-01-06 20:20:00,26.19,65.61,52.72,647.89,552.84,43.05,Moderate
2026-01-06 20:30:00,29.96,70.74,20.99,412.83,428.75,38.01,Good
2026-01-06 20:40:00,29.42,71.28,37.6,710.88,624.96,60.77,Good
2026-01-06 20:50:00,30.23,61.78,21.83,632.82,529.65,50.64,Good
2026-01-06 21:00:00,29.72,80.13,27.93,659.09,123.27,78.42,Moderate
2026-01-06 21:10:00,35.14,63.07,24.95,503.71,370.58,47.05,Moderate
2026-01-06 21:20:00,27.41,77.76,27.71,535.01,365.72,47.63,Good
2026-01-06 21:30:00,27.67,73.42,28.53,406.68,521.9,50.48,Good
2026-01-06 21:40:00,27.44,64.83,28.42,497.53,56.28,56.95,Good
2026-01-06 21:50:00,27.61,84.2,45.0,599.37,832.35,51.24,Good
2026-01-06 22:00:00,27.41,60.45,21.74,679.61,529.65,59.9,Good
2026-01-06 22:10:00,31.97,77.35,37.65,439.28,472.33,47.17,Good
2026-01-06 22:20:00,32.55,78.0,49.62,513.45,627.24,43.95,Good
2026-01-06 22:30:00,27.57,64.64,28.84,534.87,801.55,40.61,Good
2026-01-06 22:40:00,26.92,81.14,26.38,410.42,580.61,37.21,Good
2026-01-06 22:50:00,30.18,68.0,32.23,609.13,592.32,50.86,Good
2026-01-06 23:00:00,27.62,72.31,49.16,477.6,469.6,52.59,Good
2026-01-06 23:10:00,30.58,72.08,37.33,530.46,428.77,49.95,Good
2026-01-06 23:20:00,29.51,68.93,28.63,504.81,378.63,64.95,Good
2026-01-06 23:30:00,25.21,76.49,40.81,471.07,326.08,64.82,Good
2026-01-06 23:40:00,32.87,76.35,21.77,549.3,346.95,52.32,Good
2026-01-06 23:50:00,33.49,56.01,43.18,528.44,247.42,40.65,Moderate
2026-01-07 00:00:00,27.47,80.43,39.9,512.81,438.62,50.47,Good
2026-01-07 00:10:00,28.03,56.7,31.31,477.15,197.3,50.2,Good
2026-01-07 00:20:00,29.71,78.26,24.94,581.95,478.64,49.74,Good
2026-01-07 00:30:00,29.84,79.01,24.36,715.36,444.55,49.42,Good
2026-01-07 00:40:00,30.65,61.27,41.42,563.99,472.04,49.77,Good
2026-01-07 00:50:00,34.03,66.71,49.75,649.61,371.68,51.91,Moderate
2026-01-07 01:00:00,28.56,61.15,27.35,410.98,911.53,49.92,Good
2026-01-07 01:10:00,27.0,68.28,40.5,565.78,654.02,56.67,Good
2026-01-07 01:20:00,25.55,67.54,9.96,440.26,263.32,57.88,Good
2026-01-07 01:30:00,27.17,76.24,27.98,402.31,484.93,47.71,Good
2026-01-07 01:40:00,28.92,80.48,34.63,476.06,358.8,65.17,Moderate
2026-01-07 01:50:00,33.49,81.17,24.08,669.19,297.83,47.16,Moderate
2026-01-07 02:00:00,27.71,65.5,23.76,645.0,248.99,42.06,Good
2026-01-07 02:10:00,29.56,68.33,26.99,574.3,514.83,58.05,Good
2026-01-07 02:20:00,28.96,56.53,38.51,396.73,347.79,48.46,Good
2026-01-07 02:30:00,31.97,63.55,32.75,530.37,595.17,57.57,Good
2026-01-07 02:40:00,44.2,93.39,84.12,1147.98,599.07,56.87,Poor
2026-01-07 02:50:00,27.67,82.92,9.55,567.55,656.09,66.14,Moderate
2026-01-07 03:00:00,27.78,60.13,27.72,365.62,322.14,60.38,Good
2026-01-07 03:10:00,31.61,65.26,40.49,460.97,521.3,43.0,Good
2026-01-07 03:20:00,30.7,69.79,5.0,543.59,544.87,43.17,Good
2026-01-07 03:30:00,33.62,72.24,29.0,603.63,378.87,68.38,Moderate
2026-01-07 03:40:00,30.46,63.52,28.69,350.0,334.23,49.1,Good
2026-01-07 03:50:00,28.1,73.39,51.66,533.79,691.43,48.33,Moderate
2026-01-07 04:00:00,30.48,66.21,30.38,564.3,484.12,36.87,Good
2026-01-07 04:10:00,31.77,69.88,39.6,634.96,545.4,52.19,Good
2026-01-07 04:20:00,31.05,74.37,36.7,619.29,326.69,53.18,Good
2026-01-07 04:30:00,30.27,70.05,9.43,608.26,267.11,60.72,Good
2026-01-07 04:40:00,31.67,66.51,44.22,470.01,364.58,43.81,Good
2026-01-07 04:50:00,31.92,69.12,37.58,359.2,431.4,42.84,Good
2026-01-07 05:00:00,32.46,69.29,41.1,510.69,290.37,58.61,Good
2026-01-07 05:10:00,30.62,67.04,82.11,650.16,448.52,63.05,Moderate
2026-01-07 05:20:00,28.58,67.93,9.99,689.35,196.72,42.43,Good
2026-01-07 05:30:00,29.37,82.79,55.7,621.05,281.99,63.65,Moderate
2026-01-07 05:40:00,32.02,74.49,31.55,592.93,550.64,55.3,Good
2026-01-07 05:50:00,26.96,67.64,38.45,587.96,540.57,63.73,Good
2026-01-07 06:00:00,29.92,75.58,34.45,494.39,391.22,54.44,Good
2026-01-07 06:10:00,28.02,67.33,29.91,536.99,297.34,34.82,Good
2026-01-07 06:20:00,29.07,79.38,28.16,716.91,295.89,53.78,Good
2026-01-07 06:30:00,32.2,72.96,38.95,455.74,394.01,63.48,Good
2026-01-07 06:40:00,29.48,69.14,16.79,711.48,546.68,47.85,Good
2026-01-07 06:50:00,29.12,73.58,44.01,517.8,589.24,51.9,Good
2026-01-07 07:00:00,25.6,57.43,30.01,682.54,375.52,53.59,Good
2026-01-07 07:10:00,30.87,60.99,21.44,409.32,276.98,31.8,Good
2026-01-07 07:20:00,30.61,60.45,29.6,608.59,490.18,68.37,Moderate
2026-01-07 07:30:00,34.41,71.14,50.09,476.32,326.47,47.79,Moderate
2026-01-07 07:40:00,28.23,83.86,28.58,408.47,372.26,59.05,Good
2026-01-07 07:50:00,29.55,87.85,39.3,571.85,648.79,54.31,Good
2026-01-07 08:00:00,29.62,75.1,26.23,650.95,574.07,65.06,Moderate
2026-01-07 08:10:00,32.94,74.01,44.1,465.51,473.7,58.25,Good
2026-01-07 08:20:00,28.76,55.59,43.23,400.1,259.21,53.12,Good
2026-01-07 08:30:00,29.7,65.66,57.18,540.82,481.71,47.85,Moderate
2026-01-07 08:40:00,30.52,63.7,32.89,541.26,609.4,61.38,Good
2026-01-07 08:50:00,29.47,65.03,43.02,604.83,393.65,40.01,Good
2026-01-07 09:00:00,27.88,68.65,36.18,644.96,652.67,60.17,Good
2026-01-07 09:10:00,29.49,66.22,50.55,544.06,643.91,46.21,Moderate
2026-01-07 09:20:00,31.68,54.17,26.37,735.55,699.56,65.02,Moderate
2026-01-07 09:30:00,26.43,75.98,43.94,572.42,495.79,56.29,Good
2026-01-07 09:40:00,29.33,61.42,32.66,515.36,538.11,60.15,Good
2026-01-07 09:50:00,27.25,71.91,34.23,388.84,662.13,55.66,Good
2026-01-07 10:00:00,31.99,86.59,36.1,523.73,517.11,40.98,Good
2026-01-07 10:10:00,25.19,62.64,38.03,516.36,374.81,48.11,Good
2026-01-07 10:20:00,27.6,49.76,33.61,646.03,382.72,60.38,Good
2026-01-07 10:30:00,29.94,67.71,37.58,596.25,485.78,56.33,Good
2026-01-07 10:40:00,32.91,78.81,53.94,432.06,256.42,64.45,Moderate
2026-01-07 10:50:00,28.84,85.67,46.83,567.23,428.51,58.23,Good
2026-01-07 11:00:00,27.61,60.16,45.43,617.15,614.48,47.27,Good
2026-01-07 11:10:00,33.7,73.97,29.53,702.8,121.31,48.63,Moderate
2026-01-07 11:20:00,25.38,66.28,24.33,638.75,680.17,55.82,Good
2026-01-07 11:30:00,23.5,69.15,46.46,626.08,618.36,36.49,Good
2026-01-07 11:40:00,30.1,91.15,45.51,556.01,381.04,68.39,Moderate
2026-01-07 11:50:00,27.74,57.98,52.67,588.83,531.51,58.53,Moderate
2026-01-07 12:00:00,26.45,72.03,27.75,674.95,450.47,64.82,Good
2026-01-07 12:10:00,30.77,73.74,32.25,416.72,634.5,42.36,Good
2026-01-07 12:20:00,29.61,78.69,15.33,515.06,597.4,64.96,Good
2026-01-07 12:30:00,27.59,70.78,30.29,472.74,239.99,72.85,Moderate
2026-01-07 12:40:00,25.8,72.46,46.96,587.92,538.09,44.43,Good
2026-01-07 12:50:00,31.18,66.87,29.4,673.02,419.16,61.17,Good
2026-01-07 13:00:00,30.63,72.15,42.69,490.3,462.42,55.01,Good
2026-01-07 13:10:00,28.75,67.25,32.71,350.0,340.77,42.64,Good
2026-01-07 13:20:00,33.62,74.97,38.89,508.78,712.22,58.94,Moderate
2026-01-07 13:30:00,26.32,67.04,21.23,641.35,606.01,61.67,Good
2026-01-07 13:40:00,34.48,92.78,124.41,1012.78,339.03,72.53,Poor
2026-01-07 13:50:00,27.27,69.77,5.0,592.82,249.81,64.33,Good
2026-01-07 14:00:00,28.89,79.01,32.76,522.0,392.15,41.67,Good
2026-01-07 14:10:00,29.61,69.59,15.43,422.1,515.18,43.04,Good
2026-01-07 14:20:00,28.4,55.82,49.47,601.53,486.03,56.09,Good
2026-01-07 14:30:00,29.88,80.1,44.33,466.57,637.97,55.2,Good
2026-01-07 14:40:00,25.87,62.75,40.6,768.41,568.49,49.27,Good
2026-01-07 14:50:00,32.61,64.77,53.25,607.05,595.44,61.48,Moderate
2026-01-07 15:00:00,28.79,65.23,23.61,491.94,499.03,59.25,Good
2026-01-07 15:10:00,31.79,81.0,55.97,488.86,241.61,61.87,Moderate
2026-01-07 15:20:00,29.86,52.91,46.19,540.71,420.65,54.01,Good
2026-01-07 15:30:00,30.14,95.1,32.16,526.05,609.01,59.82,Good
2026-01-07 15:40:00,30.42,78.45,48.63,661.68,442.27,51.43,Good
2026-01-07 15:50:00,30.12,71.79,21.72,568.64,525.46,71.43,Moderate
2026-01-07 16:00:00,30.61,69.56,25.11,476.84,402.19,48.5,Good
2026-01-07 16:10:00,32.32,72.28,27.7,739.04,295.53,71.84,Moderate
2026-01-07 16:20:00,29.49,74.17,28.65,554.93,431.5,55.28,Good
2026-01-07 16:30:00,30.77,75.16,22.32,626.88,496.36,44.0,Good
2026-01-07 16:40:00,28.78,74.44,49.68,489.18,351.65,65.94,Moderate
2026-01-07 16:50:00,32.6,70.72,31.89,586.31,414.64,56.01,Good
2026-01-07 17:00:00,27.31,68.42,39.23,581.11,309.08,61.81,Good
2026-01-07 17:10:00,45.0,92.13,139.16,1015.52,617.89,88.92,Poor
2026-01-07 17:20:00,28.9,68.44,13.15,751.53,405.83,57.7,Good
2026-01-07 17:30:00,25.42,79.07,38.24,679.06,667.91,50.26,Good
2026-01-07 17:40:00,29.32,74.75,12.05,510.28,679.31,62.81,Good
2026-01-07 17:50:00,27.3,46.48,34.18,439.77,437.84,55.01,Good
2026-01-07 18:00:00,31.1,75.25,18.58,584.76,298.73,60.49,Good
2026-01-07 18:10:00,27.37,71.56,58.85,558.67,137.12,37.77,Moderate
2026-01-07 18:20:00,27.88,69.85,45.94,585.57,229.19,58.58,Good
2026-01-07 18:30:00,24.28,66.89,36.27,569.16,243.92,49.89,Good
2026-01-07 18:40:00,40.35,97.61,169.99,1304.18,656.77,90.01,Poor
2026-01-07 18:50:00,22.94,77.58,24.84,694.73,467.37,59.98,Good
2026-01-07 19:00:00,25.04,63.82,41.52,606.81,508.44,56.92,Good
2026-01-07 19:10:00,30.9,73.26,37.4,445.03,116.94,58.89,Good
2026-01-07 19:20:00,30.96,62.23,38.17,686.26,270.31,47.01,Good
2026-01-07 19:30:00,30.06,58.96,50.27,714.06,583.06,67.99,Moderate
2026-01-07 19:40:00,26.58,64.99,43.79,865.21,493.02,70.93,Moderate
2026-01-07 19:50:00,28.88,76.9,38.46,437.65,427.92,58.14,Good
2026-01-07 20:00:00,28.99,77.63,15.14,574.29,534.73,67.72,Moderate
2026-01-07 20:10:00,26.1,74.1,23.48,350.0,695.37,50.45,Good
2026-01-07 20:20:00,32.76,75.8,33.53,605.31,416.84,48.62,Good
2026-01-07 20:30:00,31.19,74.13,36.12,495.18,460.41,55.33,Good
2026-01-07 20:40:00,28.45,64.87,21.44,742.34,478.89,58.48,Good
2026-01-07 20:50:00,29.07,73.46,63.94,472.54,808.82,51.85,Moderate
2026-01-07 21:00:00,29.52,76.4,53.2,381.08,135.1,59.3,Moderate
2026-01-07 21:10:00,23.9,76.03,42.23,502.87,552.48,57.45,Good
2026-01-07 21:20:00,28.38,79.51,35.86,352.45,432.78,47.01,Good
2026-01-07 21:30:00,27.3,75.67,32.45,625.11,535.02,59.15,Good
2026-01-07 21:40:00,26.5,72.81,23.58,350.0,351.39,61.91,Good
2026-01-07 21:50:00,28.3,78.56,35.93,552.85,442.66,56.37,Good
2026-01-07 22:00:00,33.49,69.79,38.09,350.0,556.71,64.22,Moderate
2026-01-07 22:10:00,42.63,87.51,84.41,952.54,916.94,70.19,Poor
2026-01-07 22:20:00,27.57,68.7,39.01,714.34,571.21,58.74,Good
2026-01-07 22:30:00,30.43,64.04,33.14,586.06,322.79,45.64,Good
